Model,Accuracy,F1_macro
Logistic,0.8571428571428571,0.803125
RandomForest,0.9523809523809523,0.9416666666666667
