Model,Accuracy,F1_macro
Logistic,0.8809523809523809,0.566951566951567
RandomForest,0.9761904761904762,0.9798575288626873
NaiveBayes,0.7619047619047619,0.6172893772893773
